file,min_altitude_m,max_altitude_m,mean_altitude_m,centroid_x_l93,centroid_y_l93,centroid_lon,centroid_lat,xmin_l93,ymin_l93,xmax_l93,ymax_l93,valid_pixels,nodata_pixels
RGEALTI_FXX_0643_6862_MNT_LAMB93_IGN69.asc,26.1200008392334,39.25,30.031597137451172,643499.5,6861500.5,2.2300325166799086,48.85106681852144,642999.5,6861000.5,643999.5,6862000.5,1000000,0
RGEALTI_FXX_0643_6863_MNT_LAMB93_IGN69.asc,24.530000686645508,37.13999938964844,28.768611907958984,643499.5,6862500.5,2.2298996142391876,48.860059608312724,642999.5,6862000.5,643999.5,6863000.5,1000000,0
RGEALTI_FXX_0643_6864_MNT_LAMB93_IGN69.asc,23.950000762939453,64.1500015258789,32.21003723144531,643499.5,6863500.5,2.2297666659119892,48.86905232503808,642999.5,6863000.5,643999.5,6864000.5,1000000,0
RGEALTI_FXX_0644_6861_MNT_LAMB93_IGN69.asc,27.309999465942383,40.95000076293945,37.31061553955078,644499.5,6860500.5,2.243789803714105,48.84216085797258,643999.5,6860000.5,644999.5,6861000.5,1000000,0
RGEALTI_FXX_0644_6862_MNT_LAMB93_IGN69.asc,28.350000381469727,51.86000061035156,43.18916320800781,644499.5,6861500.5,2.243659298123888,48.851153734895455,643999.5,6861000.5,644999.5,6862000.5,1000000,0
RGEALTI_FXX_0644_6863_MNT_LAMB93_IGN69.asc,25.239999771118164,49.68000030517578,41.81207275390625,644499.5,6862500.5,2.2435287474823657,48.86014653898494,643999.5,6862000.5,644999.5,6863000.5,1000000,0
RGEALTI_FXX_0644_6864_MNT_LAMB93_IGN69.asc,23.950000762939453,50.95000076293945,32.299041748046875,644499.5,6863500.5,2.2433981517662085,48.869139270011246,643999.5,6863000.5,644999.5,6864000.5,1000000,0
RGEALTI_FXX_0644_6865_MNT_LAMB93_IGN69.asc,23.950000762939453,40.09000015258789,29.673770904541016,644499.5,6864500.5,2.2432675109520686,48.87813192774449,643999.5,6864000.5,644999.5,6865000.5,1000000,0
RGEALTI_FXX_0645_6860_MNT_LAMB93_IGN69.asc,25.3799991607666,41.79999923706055,32.723819732666016,645499.5,6859500.5,2.257542389560449,48.83325324481245,644999.5,6859000.5,645999.5,6860000.5,1000000,0
RGEALTI_FXX_0645_6861_MNT_LAMB93_IGN69.asc,29.649999618530273,43.2400016784668,37.98557662963867,645499.5,6860500.5,2.257414279198294,48.84224620837657,644999.5,6860000.5,645999.5,6861000.5,1000000,0
RGEALTI_FXX_0645_6862_MNT_LAMB93_IGN69.asc,31.84000015258789,58.36000061035156,49.40254211425781,645499.5,6861500.5,2.2572861246191684,48.851239099339736,644999.5,6861000.5,645999.5,6862000.5,1000000,0
RGEALTI_FXX_0645_6863_MNT_LAMB93_IGN69.asc,42.849998474121094,53.349998474121094,48.55670166015625,645499.5,6862500.5,2.2571579258001764,48.86023191747216,644999.5,6862000.5,645999.5,6863000.5,1000000,0
RGEALTI_FXX_0645_6864_MNT_LAMB93_IGN69.asc,32.7400016784668,47.97999954223633,40.704898834228516,645499.5,6863500.5,2.2570296827184073,48.86922466254407,644999.5,6863000.5,645999.5,6864000.5,1000000,0
RGEALTI_FXX_0645_6865_MNT_LAMB93_IGN69.asc,24.139999389648438,41.79999923706055,34.00057601928711,645499.5,6864500.5,2.2569013953509343,48.87821733432558,644999.5,6864000.5,645999.5,6865000.5,1000000,0
RGEALTI_FXX_0646_6859_MNT_LAMB93_IGN69.asc,23.790000915527344,78.70999908447266,41.09273910522461,646499.5,6858500.5,2.2712902757943767,48.82434398003704,645999.5,6858000.5,646999.5,6859000.5,1000000,0
RGEALTI_FXX_0646_6860_MNT_LAMB93_IGN69.asc,26.010000228881836,42.16999816894531,31.974767684936523,646499.5,6859500.5,2.271164559038652,48.833337029752215,645999.5,6859000.5,646999.5,6860000.5,1000000,0
RGEALTI_FXX_0646_6861_MNT_LAMB93_IGN69.asc,25.760000228881836,42.630001068115234,32.75103759765625,646499.5,6860500.5,2.2710387988994505,48.84233000709878,645999.5,6860000.5,646999.5,6861000.5,1000000,0
RGEALTI_FXX_0646_6862_MNT_LAMB93_IGN69.asc,26.34000015258789,55.43000030517578,38.03623962402344,646499.5,6861500.5,2.270912995354312,48.85132291184699,645999.5,6861000.5,646999.5,6862000.5,1000000,0
RGEALTI_FXX_0646_6863_MNT_LAMB93_IGN69.asc,41.779998779296875,59.310001373291016,52.62405776977539,646499.5,6862500.5,2.2707871483807613,48.86031574376708,645999.5,6862000.5,646999.5,6863000.5,1000000,0
RGEALTI_FXX_0646_6864_MNT_LAMB93_IGN69.asc,36.790000915527344,57.52000045776367,45.64603042602539,646499.5,6863500.5,2.2706612579563075,48.86930850262927,645999.5,6863000.5,646999.5,6864000.5,1000000,0
RGEALTI_FXX_0646_6865_MNT_LAMB93_IGN69.asc,29.3700008392334,45.560001373291016,37.0225830078125,646499.5,6864500.5,2.2705353240584443,48.87830118820369,645999.5,6864000.5,646999.5,6865000.5,1000000,0
RGEALTI_FXX_0647_6859_MNT_LAMB93_IGN69.asc,27.719999313354492,67.79000091552734,50.98710632324219,647499.5,6858500.5,2.2849101392212705,48.8244262000184,646999.5,6858000.5,647999.5,6859000.5,1000000,0
RGEALTI_FXX_0647_6860_MNT_LAMB93_IGN69.asc,25.81999969482422,58.04999923706055,35.7894172668457,647499.5,6859500.5,2.2847867719003294,48.83341926325826,646999.5,6859000.5,647999.5,6860000.5,1000000,0
RGEALTI_FXX_0647_6861_MNT_LAMB93_IGN69.asc,27.780000686645508,34.869998931884766,32.016815185546875,647499.5,6860500.5,2.284663362006541,48.842412254132064,646999.5,6860000.5,647999.5,6861000.5,1000000,0
RGEALTI_FXX_0647_6862_MNT_LAMB93_IGN69.asc,22.010000228881836,57.130001068115234,32.0309944152832,647499.5,6861500.5,2.284539909517866,48.8514051724101,646999.5,6861000.5,647999.5,6862000.5,1000000,0
RGEALTI_FXX_0647_6863_MNT_LAMB93_IGN69.asc,26.34000015258789,71.55999755859375,53.08870315551758,647499.5,6862500.5,2.2844164144122474,48.86039801786258,646999.5,6862000.5,647999.5,6863000.5,1000000,0
RGEALTI_FXX_0647_6864_MNT_LAMB93_IGN69.asc,40.279998779296875,67.8499984741211,55.27623748779297,647499.5,6863500.5,2.284292876667615,48.869390790259715,646999.5,6863000.5,647999.5,6864000.5,1000000,0
RGEALTI_FXX_0647_6865_MNT_LAMB93_IGN69.asc,27.350000381469727,55.68000030517578,39.52984619140625,647499.5,6864500.5,2.284169296261884,48.87838348937165,646999.5,6864000.5,647999.5,6865000.5,1000000,0
RGEALTI_FXX_0647_6866_MNT_LAMB93_IGN69.asc,26.030000686645508,41.20000076293945,33.530967712402344,647499.5,6865500.5,2.28404567317295,48.88737611496857,646999.5,6865000.5,647999.5,6866000.5,1000000,0
RGEALTI_FXX_0648_6859_MNT_LAMB93_IGN69.asc,51.61000061035156,77.04000091552734,64.03633117675781,648499.5,6858500.5,2.298530045198983,48.82450686881415,647999.5,6858000.5,648999.5,6859000.5,1000000,0
RGEALTI_FXX_0648_6860_MNT_LAMB93_IGN69.asc,33.189998626708984,66.80999755859375,51.48614501953125,648499.5,6859500.5,2.2984090273348508,48.83349994532355,647999.5,6859000.5,648999.5,6860000.5,1000000,0
RGEALTI_FXX_0648_6861_MNT_LAMB93_IGN69.asc,30.020000457763672,49.93000030517578,36.228580474853516,648499.5,6860500.5,2.2982879677085166,48.84249294946943,647999.5,6860000.5,648999.5,6861000.5,1000000,0
RGEALTI_FXX_0648_6862_MNT_LAMB93_IGN69.asc,27.809999465942383,37.90999984741211,34.75304412841797,648499.5,6861500.5,2.29816686629836,48.85148588102203,647999.5,6861000.5,648999.5,6862000.5,1000000,0
RGEALTI_FXX_0648_6863_MNT_LAMB93_IGN69.asc,25.670000076293945,54.470001220703125,33.144840240478516,648499.5,6862500.5,2.2980457230827445,48.86047873975161,647999.5,6862000.5,648999.5,6863000.5,1000000,0
RGEALTI_FXX_0648_6864_MNT_LAMB93_IGN69.asc,29.18000030517578,68.0999984741211,49.49142074584961,648499.5,6863500.5,2.29792453804002,48.869471525428374,647999.5,6863000.5,648999.5,6864000.5,1000000,0
RGEALTI_FXX_0648_6865_MNT_LAMB93_IGN69.asc,30.200000762939453,58.869998931884766,42.67007064819336,648499.5,6864500.5,2.2978033111485217,48.87846423782246,647999.5,6864000.5,648999.5,6865000.5,1000000,0
RGEALTI_FXX_0648_6866_MNT_LAMB93_IGN69.asc,28.469999313354492,41.779998779296875,35.547584533691406,648499.5,6865500.5,2.297682042386567,48.88745687670404,647999.5,6865000.5,648999.5,6866000.5,1000000,0
RGEALTI_FXX_0648_6867_MNT_LAMB93_IGN69.asc,23.84000015258789,39.43000030517578,33.03294372558594,648499.5,6866500.5,2.297560731732462,48.8964494418432,647999.5,6866000.5,648999.5,6867000.5,1000000,0
RGEALTI_FXX_0649_6859_MNT_LAMB93_IGN69.asc,54.689998626708984,71.47000122070312,65.47888946533203,649499.5,6858500.5,2.3121499929172895,48.82458598641742,648999.5,6858000.5,649999.5,6859000.5,1000000,0
RGEALTI_FXX_0649_6860_MNT_LAMB93_IGN69.asc,44.970001220703125,67.95999908447266,58.9705810546875,649499.5,6859500.5,2.3120313245315716,48.83357907594122,648999.5,6859000.5,649999.5,6860000.5,1000000,0
RGEALTI_FXX_0649_6861_MNT_LAMB93_IGN69.asc,29.770000457763672,65.93000030517578,44.51706314086914,649499.5,6860500.5,2.311912615194312,48.842572093103975,648999.5,6860000.5,649999.5,6861000.5,1000000,0
RGEALTI_FXX_0649_6862_MNT_LAMB93_IGN69.asc,28.15999984741211,40.369998931884766,36.99379348754883,649499.5,6861500.5,2.3117938648843093,48.851565037675925,648999.5,6861000.5,649999.5,6862000.5,1000000,0
RGEALTI_FXX_0649_6863_MNT_LAMB93_IGN69.asc,26.420000076293945,39.880001068115234,32.56139373779297,649499.5,6862500.5,2.3116750735803477,48.860557909427335,648999.5,6862000.5,649999.5,6863000.5,1000000,0
RGEALTI_FXX_0649_6864_MNT_LAMB93_IGN69.asc,27.020000457763672,44.689998626708984,33.243587493896484,649499.5,6863500.5,2.311556241261197,48.869550708128386,648999.5,6863000.5,649999.5,6864000.5,1000000,0
RGEALTI_FXX_0649_6865_MNT_LAMB93_IGN69.asc,27.6299991607666,53.2599983215332,43.646026611328125,649499.5,6864500.5,2.311437367905612,48.87854343354925,648999.5,6864000.5,649999.5,6865000.5,1000000,0
RGEALTI_FXX_0649_6866_MNT_LAMB93_IGN69.asc,30.190000534057617,52.189998626708984,41.03762435913086,649499.5,6865500.5,2.3113184534923326,48.887536085460056,648999.5,6865000.5,649999.5,6866000.5,1000000,0
RGEALTI_FXX_0649_6867_MNT_LAMB93_IGN69.asc,25.56999969482422,45.310001373291016,33.026554107666016,649499.5,6866500.5,2.311199498000084,48.89652866363094,648999.5,6866000.5,649999.5,6867000.5,1000000,0
RGEALTI_FXX_0650_6858_MNT_LAMB93_IGN69.asc,65.69999694824219,83.16999816894531,77.79296875,650499.5,6857500.5,2.3258862603319654,48.81567037840951,649999.5,6857000.5,650999.5,6858000.5,1000000,0
RGEALTI_FXX_0650_6859_MNT_LAMB93_IGN69.asc,49.36000061035156,81.9800033569336,68.04438018798828,650499.5,6858500.5,2.3257699815659483,48.824663552821484,649999.5,6858000.5,650999.5,6859000.5,1000000,0
RGEALTI_FXX_0650_6860_MNT_LAMB93_IGN69.asc,51.459999084472656,66.19999694824219,62.30361557006836,650499.5,6859500.5,2.325653662679832,48.83365665510457,649999.5,6859000.5,650999.5,6860000.5,1000000,0
RGEALTI_FXX_0650_6861_MNT_LAMB93_IGN69.asc,37.130001068115234,63.61000061035156,50.03278350830078,650499.5,6860500.5,2.3255373036528484,48.842649685028995,649999.5,6860000.5,650999.5,6861000.5,1000000,0
RGEALTI_FXX_0650_6862_MNT_LAMB93_IGN69.asc,30.1200008392334,42.040000915527344,36.64029312133789,650499.5,6861500.5,2.325420904464216,48.85164264236506,649999.5,6861000.5,650999.5,6862000.5,1000000,0
RGEALTI_FXX_0650_6863_MNT_LAMB93_IGN69.asc,26.0,39.540000915527344,32.298030853271484,650499.5,6862500.5,2.3253044650931383,48.860635526882994,649999.5,6862000.5,650999.5,6863000.5,1000000,0
RGEALTI_FXX_0650_6864_MNT_LAMB93_IGN69.asc,26.299999237060547,36.529998779296875,33.38688659667969,650499.5,6863500.5,2.3251879855188067,48.86962833835299,649999.5,6863000.5,650999.5,6864000.5,1000000,0
RGEALTI_FXX_0650_6865_MNT_LAMB93_IGN69.asc,28.15999984741211,59.15999984741211,42.96539306640625,650499.5,6864500.5,2.325071465720395,48.87862107654524,649999.5,6864000.5,650999.5,6865000.5,1000000,0
RGEALTI_FXX_0650_6866_MNT_LAMB93_IGN69.asc,36.31999969482422,70.87999725341797,54.300071716308594,650499.5,6865500.5,2.3249549056770644,48.88761374122986,649999.5,6865000.5,650999.5,6866000.5,1000000,0
RGEALTI_FXX_0650_6867_MNT_LAMB93_IGN69.asc,29.770000457763672,56.220001220703125,42.64872741699219,650499.5,6866500.5,2.3248383053679618,48.89660633217698,649999.5,6866000.5,650999.5,6867000.5,1000000,0
RGEALTI_FXX_0651_6858_MNT_LAMB93_IGN69.asc,35.63999938964844,83.05000305175781,68.79864501953125,651499.5,6857500.5,2.339503940390623,48.81574638110601,650999.5,6857000.5,651999.5,6858000.5,1000000,0
RGEALTI_FXX_0651_6859_MNT_LAMB93_IGN69.asc,37.75,81.88999938964844,57.03461456298828,651499.5,6858500.5,2.339390010334705,48.82473956801975,650999.5,6858000.5,651999.5,6859000.5,1000000,0
RGEALTI_FXX_0651_6860_MNT_LAMB93_IGN69.asc,37.459999084472656,66.16999816894531,51.73028564453125,651499.5,6859500.5,2.3392760409689566,48.83373268280693,650999.5,6859000.5,651999.5,6860000.5,1000000,0
RGEALTI_FXX_0651_6861_MNT_LAMB93_IGN69.asc,34.279998779296875,61.29999923706055,52.28620910644531,651499.5,6860500.5,2.3391620322730304,48.84272572523787,650999.5,6860000.5,651999.5,6861000.5,1000000,0
RGEALTI_FXX_0651_6862_MNT_LAMB93_IGN69.asc,26.770000457763672,57.29999923706055,37.608238220214844,651499.5,6861500.5,2.339047984226564,48.8517186950828,650999.5,6861000.5,651999.5,6862000.5,1000000,0
RGEALTI_FXX_0651_6863_MNT_LAMB93_IGN69.asc,26.709999084472656,38.189998626708984,33.27627944946289,651499.5,6862500.5,2.3389338968091815,48.86071159211198,650999.5,6862000.5,651999.5,6863000.5,1000000,0
RGEALTI_FXX_0651_6864_MNT_LAMB93_IGN69.asc,29.639999389648438,40.5099983215332,35.072391510009766,651499.5,6863500.5,2.3388197700004927,48.86970441609559,650999.5,6863000.5,651999.5,6864000.5,1000000,0
RGEALTI_FXX_0651_6865_MNT_LAMB93_IGN69.asc,30.40999984741211,74.9800033569336,46.59724807739258,651499.5,6864500.5,2.3387056037800935,48.87869716680383,650999.5,6864000.5,651999.5,6865000.5,1000000,0
RGEALTI_FXX_0651_6866_MNT_LAMB93_IGN69.asc,53.7599983215332,130.74000549316406,84.07350158691406,651499.5,6865500.5,2.3385913981275652,48.88768984400683,650999.5,6865000.5,651999.5,6866000.5,1000000,0
RGEALTI_FXX_0651_6867_MNT_LAMB93_IGN69.asc,37.63999938964844,64.36000061035156,52.24403381347656,651499.5,6866500.5,2.338477153022476,48.8966824474747,650999.5,6866000.5,651999.5,6867000.5,1000000,0
RGEALTI_FXX_0651_6868_MNT_LAMB93_IGN69.asc,26.110000610351562,46.060001373291016,37.698280334472656,651499.5,6867500.5,2.33836286844438,48.90567497697752,650999.5,6867000.5,651999.5,6868000.5,1000000,0
RGEALTI_FXX_0652_6858_MNT_LAMB93_IGN69.asc,37.72999954223633,75.12999725341797,52.14000701904297,652499.5,6857500.5,2.3531216597387745,48.815820832845354,651999.5,6857000.5,652999.5,6858000.5,1000000,0
RGEALTI_FXX_0652_6859_MNT_LAMB93_IGN69.asc,37.279998779296875,64.77999877929688,52.83367919921875,652499.5,6858500.5,2.3530100784132895,48.82481403200574,651999.5,6858000.5,652999.5,6859000.5,1000000,0
RGEALTI_FXX_0652_6860_MNT_LAMB93_IGN69.asc,33.16999816894531,64.33999633789062,47.01688003540039,652499.5,6859500.5,2.3528984585882577,48.833807159041896,651999.5,6859000.5,652999.5,6860000.5,1000000,0
RGEALTI_FXX_0652_6861_MNT_LAMB93_IGN69.asc,30.290000915527344,60.790000915527344,43.0677490234375,652499.5,6860500.5,2.3527868002437504,48.84280021372411,651999.5,6860000.5,652999.5,6861000.5,1000000,0
RGEALTI_FXX_0652_6862_MNT_LAMB93_IGN69.asc,26.850000381469727,55.25,33.97978210449219,652499.5,6861500.5,2.352675103359826,48.85179319582268,651999.5,6861000.5,652999.5,6862000.5,1000000,0
RGEALTI_FXX_0652_6863_MNT_LAMB93_IGN69.asc,26.829999923706055,38.0099983215332,35.05501937866211,652499.5,6862500.5,2.3525633679165288,48.8607861051078,651999.5,6862000.5,652999.5,6863000.5,1000000,0
RGEALTI_FXX_0652_6864_MNT_LAMB93_IGN69.asc,31.600000381469727,46.400001525878906,35.879547119140625,652499.5,6863500.5,2.3524515938938872,48.86977894134971,651999.5,6863000.5,652999.5,6864000.5,1000000,0
RGEALTI_FXX_0652_6865_MNT_LAMB93_IGN69.asc,32.81999969482422,67.4000015258789,48.397705078125,652499.5,6864500.5,2.3523397812719185,48.878771704318545,651999.5,6864000.5,652999.5,6865000.5,1000000,0
RGEALTI_FXX_0652_6866_MNT_LAMB93_IGN69.asc,41.900001525878906,101.23999786376953,59.90787887573242,652499.5,6865500.5,2.3522279300306255,48.88776439378448,651999.5,6865000.5,652999.5,6866000.5,1000000,0
RGEALTI_FXX_0652_6867_MNT_LAMB93_IGN69.asc,38.060001373291016,58.209999084472656,47.19389724731445,652499.5,6866500.5,2.3521160401499968,48.896757009517614,651999.5,6866000.5,652999.5,6867000.5,1000000,0
RGEALTI_FXX_0652_6868_MNT_LAMB93_IGN69.asc,31.440000534057617,49.33000183105469,38.94816970825195,652499.5,6867500.5,2.352004111610007,48.90574955128802,651999.5,6867000.5,652999.5,6868000.5,1000000,0
RGEALTI_FXX_0653_6858_MNT_LAMB93_IGN69.asc,51.97999954223633,66.91000366210938,60.23612976074219,653499.5,6857500.5,2.3667394175665555,48.81589373362116,652999.5,6857000.5,653999.5,6858000.5,1000000,0
RGEALTI_FXX_0653_6859_MNT_LAMB93_IGN69.asc,42.25,62.369998931884766,55.32328414916992,653499.5,6858500.5,2.366630184991418,48.8248869447731,652999.5,6858000.5,653999.5,6859000.5,1000000,0
RGEALTI_FXX_0653_6860_MNT_LAMB93_IGN69.asc,28.059999465942383,56.220001220703125,42.871463775634766,653499.5,6859500.5,2.366520914727031,48.83388008380308,652999.5,6859000.5,653999.5,6860000.5,1000000,0
RGEALTI_FXX_0653_6861_MNT_LAMB93_IGN69.asc,27.0,47.349998474121094,33.54147720336914,653499.5,6860500.5,2.3664116067538856,48.84287315048142,652999.5,6860000.5,653999.5,6861000.5,1000000,0
RGEALTI_FXX_0653_6862_MNT_LAMB93_IGN69.asc,26.989999771118164,39.43000030517578,34.50196838378906,653499.5,6861500.5,2.3663022610524598,48.85186614457834,652999.5,6861000.5,653999.5,6862000.5,1000000,0
RGEALTI_FXX_0653_6863_MNT_LAMB93_IGN69.asc,30.559999465942383,41.31999969482422,35.45086669921875,653499.5,6862500.5,2.3661928776032166,48.860859065864126,652999.5,6862000.5,653999.5,6863000.5,1000000,0
RGEALTI_FXX_0653_6864_MNT_LAMB93_IGN69.asc,29.700000762939453,54.36000061035156,38.248626708984375,653499.5,6863500.5,2.3660834563866064,48.86985191410898,652999.5,6863000.5,653999.5,6864000.5,1000000,0
RGEALTI_FXX_0653_6865_MNT_LAMB93_IGN69.asc,34.970001220703125,64.36000061035156,49.17630386352539,653499.5,6864500.5,2.3659739973830662,48.878844689083024,652999.5,6864000.5,653999.5,6865000.5,1000000,0
RGEALTI_FXX_0653_6866_MNT_LAMB93_IGN69.asc,40.90999984741211,58.5099983215332,50.408443450927734,653499.5,6865500.5,2.3658645005730192,48.88783739055644,652999.5,6865000.5,653999.5,6866000.5,1000000,0
RGEALTI_FXX_0653_6867_MNT_LAMB93_IGN69.asc,37.7599983215332,54.279998779296875,46.497188568115234,653499.5,6866500.5,2.3657549659368757,48.896830018299354,652999.5,6866000.5,653999.5,6867000.5,1000000,0
RGEALTI_FXX_0653_6868_MNT_LAMB93_IGN69.asc,34.119998931884766,46.970001220703125,39.711185455322266,653499.5,6867500.5,2.365645393455031,48.905822572081824,652999.5,6867000.5,653999.5,6868000.5,1000000,0
RGEALTI_FXX_0654_6858_MNT_LAMB93_IGN69.asc,30.1299991607666,65.08000183105469,44.33087158203125,654499.5,6857500.5,2.3803572130640878,48.815965083427265,653999.5,6857000.5,654999.5,6858000.5,1000000,0
RGEALTI_FXX_0654_6859_MNT_LAMB93_IGN69.asc,28.049999237060547,61.93000030517578,38.16510009765625,654499.5,6858500.5,2.3802503292587933,48.824958306315644,653999.5,6858000.5,654999.5,6859000.5,1000000,0
RGEALTI_FXX_0654_6860_MNT_LAMB93_IGN69.asc,26.520000457763672,46.130001068115234,34.69975280761719,654499.5,6859500.5,2.3801434085745607,48.83395145708431,653999.5,6859000.5,654999.5,6860000.5,1000000,0
RGEALTI_FXX_0654_6861_MNT_LAMB93_IGN69.asc,26.329999923706055,46.130001068115234,35.87343978881836,654499.5,6860500.5,2.3800364509923,48.842944535503534,653999.5,6860000.5,654999.5,6861000.5,1000000,0
RGEALTI_FXX_0654_6862_MNT_LAMB93_IGN69.asc,28.760000228881836,45.79999923706055,36.06471633911133,654499.5,6861500.5,2.3799294564929085,48.8519375413436,653999.5,6861000.5,654999.5,6862000.5,1000000,0
RGEALTI_FXX_0654_6863_MNT_LAMB93_IGN69.asc,31.100000381469727,59.06999969482422,43.43560028076172,654499.5,6862500.5,2.3798224250572693,48.860930474374754,653999.5,6862000.5,654999.5,6863000.5,1000000,0
RGEALTI_FXX_0654_6864_MNT_LAMB93_IGN69.asc,35.58000183105469,94.54000091552734,57.09288787841797,654499.5,6863500.5,2.3797153566662534,48.86992333436717,653999.5,6863000.5,654999.5,6864000.5,1000000,0
RGEALTI_FXX_0654_6865_MNT_LAMB93_IGN69.asc,50.540000915527344,102.7300033569336,74.06478881835938,654499.5,6864500.5,2.3796082513007177,48.87891612109106,653999.5,6864000.5,654999.5,6865000.5,1000000,0
RGEALTI_FXX_0654_6866_MNT_LAMB93_IGN69.asc,43.72999954223633,67.44999694824219,52.48898696899414,654499.5,6865500.5,2.3795011089415077,48.887908834316534,653999.5,6865000.5,654999.5,6866000.5,1000000,0
RGEALTI_FXX_0654_6867_MNT_LAMB93_IGN69.asc,39.04999923706055,55.88999938964844,46.13508987426758,654499.5,6866500.5,2.3793939295694533,48.89690147381372,653999.5,6866000.5,654999.5,6867000.5,1000000,0
RGEALTI_FXX_0654_6868_MNT_LAMB93_IGN69.asc,35.810001373291016,48.189998626708984,42.296390533447266,654499.5,6867500.5,2.3792867131653717,48.905894039352724,653999.5,6867000.5,654999.5,6868000.5,1000000,0
RGEALTI_FXX_0655_6859_MNT_LAMB93_IGN69.asc,27.389999389648438,50.93000030517578,33.91436004638672,655499.5,6858500.5,2.393870510405105,48.82502811662729,654999.5,6858000.5,655999.5,6859000.5,1000000,0
RGEALTI_FXX_0655_6860_MNT_LAMB93_IGN69.asc,31.040000915527344,53.400001525878906,40.148136138916016,655499.5,6859500.5,2.3937659393201165,48.834021278879476,654999.5,6859000.5,655999.5,6860000.5,1000000,0
RGEALTI_FXX_0655_6861_MNT_LAMB93_IGN69.asc,30.68000030517578,55.290000915527344,47.75360107421875,655499.5,6860500.5,2.3936613321478433,48.84301436878441,654999.5,6860000.5,655999.5,6861000.5,1000000,0
RGEALTI_FXX_0655_6862_MNT_LAMB93_IGN69.asc,37.959999084472656,71.4800033569336,50.434810638427734,655499.5,6861500.5,2.393556688869602,48.85200738611235,654999.5,6861000.5,655999.5,6862000.5,1000000,0
RGEALTI_FXX_0655_6863_MNT_LAMB93_IGN69.asc,44.22999954223633,96.86000061035156,73.05303192138672,655499.5,6862500.5,2.3934520094666962,48.861000330633566,654999.5,6862000.5,655999.5,6863000.5,1000000,0
RGEALTI_FXX_0655_6864_MNT_LAMB93_IGN69.asc,56.689998626708984,129.27000427246094,93.40203094482422,655499.5,6863500.5,2.3933472939204172,48.86999320211822,654999.5,6863000.5,655999.5,6864000.5,1000000,0
RGEALTI_FXX_0655_6865_MNT_LAMB93_IGN69.asc,58.63999938964844,129.1199951171875,97.92444610595703,655499.5,6864500.5,2.3932425422120427,48.878986000336525,654999.5,6864000.5,655999.5,6865000.5,1000000,0
RGEALTI_FXX_0655_6866_MNT_LAMB93_IGN69.asc,46.77000045776367,78.55000305175781,56.92565155029297,655499.5,6865500.5,2.393137754322838,48.88797872505862,654999.5,6865000.5,655999.5,6866000.5,1000000,0
RGEALTI_FXX_0655_6867_MNT_LAMB93_IGN69.asc,38.95000076293945,64.16000366210938,50.566070556640625,655499.5,6866500.5,2.393032930234054,48.896971376054616,654999.5,6866000.5,655999.5,6867000.5,1000000,0
RGEALTI_FXX_0655_6868_MNT_LAMB93_IGN69.asc,37.560001373291016,50.90999984741211,43.52463912963867,655499.5,6867500.5,2.3929280699269313,48.90596395309459,654999.5,6867000.5,655999.5,6868000.5,1000000,0
RGEALTI_FXX_0656_6859_MNT_LAMB93_IGN69.asc,32.72999954223633,56.2599983215332,48.24128723144531,656499.5,6858500.5,2.4074907276200292,48.8250963757021,655999.5,6858000.5,656999.5,6859000.5,1000000,0
RGEALTI_FXX_0656_6860_MNT_LAMB93_IGN69.asc,35.2400016784668,54.06999969482422,46.11749267578125,656499.5,6859500.5,2.4073885061529547,48.83408954918265,655999.5,6859000.5,656999.5,6860000.5,1000000,0
RGEALTI_FXX_0656_6861_MNT_LAMB93_IGN69.asc,37.61000061035156,57.18000030517578,47.33327865600586,656499.5,6860500.5,2.4072862494093523,48.84308265031808,655999.5,6860000.5,656999.5,6861000.5,1000000,0
RGEALTI_FXX_0656_6862_MNT_LAMB93_IGN69.asc,47.119998931884766,66.68000030517578,56.294769287109375,656499.5,6861500.5,2.407183957370958,48.85207567887865,655999.5,6861000.5,656999.5,6862000.5,1000000,0
RGEALTI_FXX_0656_6863_MNT_LAMB93_IGN69.asc,52.90999984741211,98.11000061035156,72.1358871459961,656499.5,6862500.5,2.407081630019495,48.86106863463462,655999.5,6862000.5,656999.5,6863000.5,1000000,0
RGEALTI_FXX_0656_6864_MNT_LAMB93_IGN69.asc,75.9000015258789,128.6199951171875,104.38276672363281,656499.5,6863500.5,2.4069792673366748,48.870061517356184,655999.5,6863000.5,656999.5,6864000.5,1000000,0
RGEALTI_FXX_0656_6865_MNT_LAMB93_IGN69.asc,65.33999633789062,127.45999908447266,103.47245788574219,656499.5,6864500.5,2.4068768693041958,48.879054326813524,655999.5,6864000.5,656999.5,6865000.5,1000000,0
RGEALTI_FXX_0656_6866_MNT_LAMB93_IGN69.asc,52.880001068115234,103.2699966430664,63.7689094543457,656499.5,6865500.5,2.4067744359037446,48.88804706277677,655999.5,6865000.5,656999.5,6866000.5,1000000,0
RGEALTI_FXX_0657_6859_MNT_LAMB93_IGN69.asc,47.09000015258789,62.38999938964844,53.12491226196289,657499.5,6858500.5,2.421110980093228,48.82516308353426,656999.5,6858000.5,657999.5,6859000.5,1000000,0
RGEALTI_FXX_0657_6860_MNT_LAMB93_IGN69.asc,46.779998779296875,55.56999969482422,51.534088134765625,657499.5,6859500.5,2.421011108262319,48.83415626798803,656999.5,6859000.5,657999.5,6860000.5,1000000,0
RGEALTI_FXX_0657_6861_MNT_LAMB93_IGN69.asc,38.25,54.83000183105469,49.50330352783203,657499.5,6860500.5,2.420911201965651,48.843149380098744,656999.5,6860000.5,657999.5,6861000.5,1000000,0
RGEALTI_FXX_0657_6862_MNT_LAMB93_IGN69.asc,45.79999923706055,65.30999755859375,55.20988845825195,657499.5,6861500.5,2.4208112611853796,48.852142419636685,656999.5,6861000.5,657999.5,6862000.5,1000000,0
RGEALTI_FXX_0657_6863_MNT_LAMB93_IGN69.asc,54.84000015258789,115.31999969482422,77.89396667480469,657499.5,6862500.5,2.4207112859036486,48.861135386372126,656999.5,6862000.5,657999.5,6863000.5,1000000,0
RGEALTI_FXX_0657_6864_MNT_LAMB93_IGN69.asc,71.5999984741211,117.13999938964844,100.58866119384766,657499.5,6863500.5,2.420611276102589,48.870128280075214,656999.5,6863000.5,657999.5,6864000.5,1000000,0
RGEALTI_FXX_0658_6858_MNT_LAMB93_IGN69.asc,27.440000534057617,69.11000061035156,41.21310806274414,658499.5,6857500.5,2.4348287555536983,48.81623497283499,657999.5,6857000.5,658999.5,6858000.5,1000000,0
RGEALTI_FXX_0658_6859_MNT_LAMB93_IGN69.asc,52.09000015258789,70.55000305175781,58.40312576293945,658499.5,6858500.5,2.4347312670143526,48.8252282401181,657999.5,6858000.5,658999.5,6859000.5,1000000,0
RGEALTI_FXX_0658_6860_MNT_LAMB93_IGN69.asc,45.400001525878906,56.04999923706055,50.75565719604492,658499.5,6859500.5,2.4346337448374413,48.83422143528991,657999.5,6859000.5,658999.5,6860000.5,1000000,0
RGEALTI_FXX_0658_6861_MNT_LAMB93_IGN69.asc,41.970001220703125,56.43000030517578,50.352577209472656,658499.5,6860500.5,2.4345361890055512,48.84321455812071,657999.5,6860000.5,658999.5,6861000.5,1000000,0
RGEALTI_FXX_0659_6858_MNT_LAMB93_IGN69.asc,29.709999084472656,72.66000366210938,43.762550354003906,659499.5,6857500.5,2.4484467272513513,48.81629856770407,658999.5,6857000.5,659999.5,6858000.5,1000000,0
RGEALTI_FXX_0659_6859_MNT_LAMB93_IGN69.asc,49.220001220703125,67.31999969482422,57.47218704223633,659499.5,6858500.5,2.448351587573042,48.82529184544807,658999.5,6858000.5,659999.5,6859000.5,1000000,0
RGEALTI_FXX_0659_6860_MNT_LAMB93_IGN69.asc,44.040000915527344,57.560001373291016,51.54230499267578,659499.5,6859500.5,2.4482564150675397,48.83428505108276,658999.5,6859000.5,659999.5,6860000.5,1000000,0
RGEALTI_FXX_0659_6861_MNT_LAMB93_IGN69.asc,43.22999954223633,59.040000915527344,50.99338912963867,659499.5,6860500.5,2.4481612097178527,48.843278184378434,658999.5,6860000.5,659999.5,6861000.5,1000000,0
RGEALTI_FXX_0660_6858_MNT_LAMB93_IGN69.asc,29.75,73.31999969482422,47.8432502746582,660499.5,6857500.5,2.4620647317592135,48.816360611568946,659999.5,6857000.5,660999.5,6858000.5,1000000,0
RGEALTI_FXX_0660_6859_MNT_LAMB93_IGN69.asc,34.130001068115234,62.900001525878906,51.63631057739258,660499.5,6858500.5,2.4619719409589207,48.82535389951876,659999.5,6858000.5,660999.5,6859000.5,1000000,0
RGEALTI_FXX_0660_6860_MNT_LAMB93_IGN69.asc,49.900001525878906,61.720001220703125,56.66486358642578,660499.5,6859500.5,2.461879118141821,48.83434711536116,659999.5,6859000.5,660999.5,6860000.5,1000000,0
RGEALTI_FXX_0660_6861_MNT_LAMB93_IGN69.asc,47.02000045776367,76.81999969482422,59.06447982788086,660499.5,6860500.5,2.4617862632913408,48.8433402588665,659999.5,6860000.5,660999.5,6861000.5,1000000,0
RGEALTI_FXX_0661_6860_MNT_LAMB93_IGN69.asc,1.0499999523162842,85.16999816894531,56.60633087158203,661499.5,6859500.5,2.4755018532494804,48.83440762811984,660999.5,6859000.5,661999.5,6860000.5,1000000,0
